City_ID,City,Lat,Lng,Max Temp,Humidity,Cloudiness,Wind Speed,Country,Date
0,jamestown,42.097,-79.2353,21.45,45,0,4.63,US,-14400
1,padang,-0.9492,100.3543,26.03,90,100,1.75,ID,25200
2,stanley,54.868,-1.6985,9.39,92,40,4.63,GB,3600
3,mount gambier,-37.8333,140.7667,5.5,87,5,1.42,AU,34200
4,iqaluit,63.7506,-68.5145,1.5,100,100,2.57,CA,-14400
5,thinadhoo,0.5333,72.9333,28.87,72,8,3.57,MV,18000
6,saguenay,48.4168,-71.0657,13.54,59,75,7.72,CA,-14400
7,kotabumi,-4.8333,104.9,23.9,95,34,1.29,ID,25200
8,enewetak,11.3474,162.3373,28.06,74,55,7.36,MH,43200
9,blackmans bay,-43.0167,147.3167,7.6,85,100,0.45,AU,36000
10,sisimiut,66.9395,-53.6735,9.94,62,68,1.23,GL,-3600
11,adamstown,-25.066,-130.1015,21.2,56,56,2.49,PN,-28800
12,bredasdorp,-34.5322,20.0403,12.19,94,17,2.4,ZA,7200
13,atherton,53.5237,-2.4935,12.99,78,26,1.79,GB,3600
14,grytviken,-54.2811,-36.5092,-4.18,76,17,7.28,GS,-7200
15,piti village,13.4626,144.6933,28.06,85,20,4.12,GU,36000
16,margaret river,-33.95,115.0667,15.1,84,30,3.06,AU,28800
17,egilsstadir,65.2653,-14.3948,10.95,71,20,5.66,IS,0
18,hami,42.8,93.45,27.18,29,100,0.66,CN,28800
19,eyl,7.9803,49.8164,26.63,80,100,9.05,SO,10800
20,horta,38.5333,-28.6333,22.23,79,20,6.71,PT,0
21,dudinka,69.4058,86.1778,5.9,91,41,3.71,RU,25200
22,atlantis,-33.5667,18.4834,14.3,80,0,3.36,ZA,7200
23,hermanus,-34.4187,19.2345,13.22,89,5,4.58,ZA,7200
24,woolgoolga,-30.1106,153.2007,12.93,65,100,7.69,AU,36000
25,luderitz,-26.6481,15.1594,20.61,35,36,2.8,NA,7200
26,bintulu,3.1667,113.0333,25.23,94,40,0.51,MY,28800
27,burao,9.5221,45.5336,25.5,46,14,7.24,SO,10800
28,bethel,41.3712,-73.414,24.24,45,0,4.12,US,-14400
29,madang,-5.2246,145.7966,25.02,90,59,1.17,PG,36000
30,tiksi,71.6872,128.8694,6.66,70,100,1.74,RU,32400
31,ta`u,-14.2336,-169.5144,27.57,82,72,9.84,AS,-39600
32,saldanha,-33.0117,17.9442,13.03,79,11,4.39,ZA,7200
33,lihue,21.9789,-159.3672,25.82,73,0,8.75,US,-36000
34,port mathurin,-19.6833,63.4167,24.05,73,20,7.2,MU,14400
35,constantia,44.1833,28.65,22.38,69,0,3.2,RO,10800
36,smithers,54.7804,-127.1743,9.18,93,100,3.6,CA,-25200
37,kailua-kona,19.6406,-155.9956,24.69,88,75,1.54,US,-36000
38,polyarnyy,69.1989,33.4478,12.68,75,100,3.98,RU,10800
39,georgetown,5.4112,100.3354,27.97,78,20,1.03,MY,28800
40,santa ana,33.7456,-117.8678,26.38,60,20,3.6,US,-25200
41,saurimo,-9.6608,20.3916,16.06,30,8,1.92,AO,3600
42,el porvenir,13.7617,-87.3458,29.63,90,99,1.88,HN,-21600
43,cabo san lucas,22.8909,-109.9124,26.23,68,0,3.58,MX,-25200
44,hadibu,12.65,54.0333,27.65,75,0,5.79,YE,10800
45,taltal,-25.4,-70.4833,17.68,70,1,2.03,CL,-14400
46,san antonio de pale,-1.4014,5.6325,24.78,83,61,5.59,GQ,3600
47,yellowknife,62.456,-114.3525,15.24,55,75,4.12,CA,-21600
48,balkanabat,39.5108,54.3671,28.31,36,4,1.09,TM,18000
49,ust'-ilimsk,58.0006,102.6619,13.46,47,100,1.34,RU,28800
50,puerto natales,-51.7236,-72.4875,0.25,93,75,5.14,CL,-10800
51,ilulissat,69.2167,-51.1,9.01,57,75,3.6,GL,-3600
52,pimentel,-6.8367,-79.9342,23.16,64,0,5.66,PE,-18000
53,laojunmiao,39.8333,97.7333,18.22,40,82,1.07,CN,28800
54,ust-nera,64.5667,143.2,15.29,57,17,1.78,RU,36000
55,avarua,-21.2078,-159.775,23.03,94,75,1.03,CK,-36000
56,whakatane,-37.9585,176.9854,7.51,99,23,1.13,NZ,43200
57,kolonia,50.9333,6.95,17.64,45,0,5.14,DE,7200
58,xai-xai,-25.0519,33.6442,18.41,78,0,2.78,MZ,7200
59,zaruma,-3.6833,-79.6167,22.08,86,86,1.76,EC,-18000
60,waitangi,-43.9535,-176.5597,11.01,96,5,4.47,NZ,45900
61,mount pearl,47.5166,-52.7813,19.04,87,100,5.14,CA,-9000
62,pacific grove,36.6177,-121.9166,15.55,74,0,6.71,US,-25200
63,port-aux-francais,-49.35,70.2167,1.75,68,56,13.63,TF,18000
64,veraval,20.9,70.3667,30.37,73,17,3.65,IN,19800
65,usinsk,65.9939,57.5281,5.92,72,100,7.21,RU,10800
66,bodo,67.28,14.405,17.02,63,20,3.6,NO,7200
67,college,64.8569,-147.8028,18.52,66,40,1.54,US,-28800
68,qoryooley,1.7878,44.53,24.88,77,59,6.22,SO,10800
69,longyearbyen,78.2186,15.6401,4.91,70,75,1.54,SJ,7200
70,holualoa,19.6228,-155.9522,22.59,88,75,1.54,US,-36000
71,itamaraca,-7.7478,-34.8256,24.03,85,79,6.67,BR,-10800
72,iskateley,67.6803,53.1512,5.01,66,100,3.58,RU,10800
73,huarmey,-10.0681,-78.1522,20.98,70,18,5.8,PE,-18000
74,haiku-pauwela,20.9219,-156.3051,24.21,71,20,8.23,US,-36000
75,aral,40.5156,81.2636,27.06,22,28,6.31,CN,28800
76,anna regina,7.2644,-58.5077,28.11,74,100,3.44,GY,-14400
77,puerto ayora,-0.7393,-90.3518,27.98,78,40,4.94,EC,-21600
78,ermoupolis,37.4423,24.9425,24.4,46,1,2.57,GR,10800
79,kununurra,-15.7667,128.7333,15.99,88,0,1.54,AU,28800
80,wynyard,-41.0,145.7167,6.22,74,0,2.24,AU,36000
81,thompson,55.7435,-97.8558,20.09,52,100,2.06,CA,-18000
82,bechar,31.6167,-2.2167,30.18,23,40,10.8,DZ,3600
83,villa emilio carranza,19.9667,-96.6,31.92,61,13,7.54,MX,-21600
84,guerrero negro,27.9769,-114.0611,21.9,59,9,5.68,MX,-25200
85,port lincoln,-34.7333,135.8667,11.47,78,11,3.64,AU,34200
86,palma di montechiaro,37.1926,13.765,25.83,63,21,0.89,IT,7200
87,aasiaat,68.7098,-52.8699,4.08,83,63,2.9,GL,-3600
88,hawaiian paradise park,19.5933,-154.9731,22.64,91,40,3.09,US,-36000
89,ola,59.5833,151.2833,7.3,91,88,1.02,RU,39600
90,anadyr,64.75,177.4833,11.28,58,0,4.0,RU,43200
91,lompoc,34.6391,-120.4579,19.05,64,0,8.75,US,-25200
92,netrakona,24.8833,90.7167,25.67,94,94,5.37,BD,21600
93,khonsa,27.0167,95.5667,23.47,96,100,1.21,IN,19800
94,gilgit,35.9221,74.3087,22.13,47,17,1.46,PK,18000
95,villa la angostura,-40.7617,-71.6463,2.92,99,100,2.2,AR,-10800
96,callaway,30.153,-85.5699,33.44,63,40,4.63,US,-18000
97,hamilton,39.1834,-84.5333,28.32,33,0,4.12,US,-14400
98,colonia menno,-22.3667,-59.8167,28.93,49,100,3.56,PY,-14400
99,la ronge,55.1001,-105.2842,16.14,72,75,4.12,CA,-21600
100,ushuaia,-54.8,-68.3,-0.19,80,75,4.12,AR,-10800
101,sena madureira,-9.0656,-68.6569,31.16,55,100,1.49,BR,-18000
102,auki,-8.7676,160.7034,24.58,91,100,2.16,SB,39600
103,haldibari,26.3333,88.7667,25.58,96,100,2.85,IN,19800
104,whitehorse,60.7161,-135.0538,12.47,76,75,0.0,CA,-25200
105,anacapri,40.5558,14.2136,20.53,73,0,1.54,IT,7200
106,st. john's,47.5649,-52.7093,19.38,87,100,5.14,CA,-9000
107,markovo,57.3206,107.0881,8.16,63,94,0.96,RU,28800
108,bardai,11.65,7.2333,26.64,65,98,2.93,NG,3600
109,antofagasta,-23.65,-70.4,24.53,40,0,3.81,CL,-14400
110,giddings,30.1827,-96.9364,32.29,48,40,2.52,US,-18000
111,isafjordur,66.0755,-23.124,11.02,76,20,3.09,IS,0
112,albany,42.6001,-73.9662,24.11,38,4,1.34,US,-14400
113,woodward,36.4337,-99.3904,32.81,42,0,8.23,US,-18000
114,canchungo,12.0672,-16.0333,31.07,73,79,5.65,GW,0
115,port elizabeth,-33.918,25.5701,14.62,94,0,2.06,ZA,7200
116,nogliki,51.8333,143.1667,5.75,98,100,4.92,RU,39600
117,lebu,-37.6167,-73.65,12.81,74,96,1.5,CL,-14400
118,san patricio,28.017,-97.5169,33.65,49,63,7.7,US,-18000
119,kingston,17.997,-76.7936,31.53,70,20,6.17,JM,-18000
120,olonkinbyen,70.9221,-8.7187,1.52,85,100,3.65,SJ,7200
121,bilibino,68.0546,166.4372,16.98,41,63,3.06,RU,43200
122,mundemba,4.9479,8.8724,23.72,97,100,1.2,CM,3600
123,christchurch,-43.5333,172.6333,3.73,93,37,1.54,NZ,43200
124,gambiran satu,-8.3939,114.1464,20.5,100,38,1.46,ID,25200
125,shiyan,32.6475,110.7781,26.2,54,100,1.88,CN,28800
126,lolodorf,3.2333,10.7333,21.39,100,99,0.92,CM,3600
127,capo d'orlando,38.1435,14.7305,23.57,47,1,2.42,IT,7200
128,sabang,5.8933,95.3214,29.66,74,38,6.75,ID,25200
129,udachny,66.4167,112.4,7.47,54,100,2.17,RU,32400
130,betio village,1.358,172.9211,28.02,75,100,2.96,KI,43200
131,alibag,18.6411,72.8792,29.04,79,9,3.57,IN,19800
132,itoman,26.1247,127.6694,25.94,96,75,4.63,JP,32400
133,hirara,24.8,125.2833,28.15,100,100,4.63,JP,32400
134,mount isa,-20.7333,139.5,7.87,76,0,3.6,AU,36000
135,chonchi,-42.6128,-73.8092,10.07,78,87,2.42,CL,-14400
136,olinda,-8.0089,-34.8553,23.85,94,75,8.23,BR,-10800
137,sanchursk,56.9413,47.2499,18.43,92,48,3.06,RU,10800
138,bel ombre,-4.6167,55.4167,27.91,83,20,4.63,SC,14400
139,bikenibeu village,1.3673,173.1241,27.98,83,40,0.0,KI,43200
140,edinburgh of the seven seas,-37.0676,-12.3116,16.02,88,100,11.6,SH,0
141,tralee,52.2704,-9.7026,12.22,85,37,5.17,IE,3600
142,ribeira brava,32.65,-17.0667,22.31,84,81,1.93,PT,3600
143,nova xavantina,-14.6667,-52.35,33.11,24,0,2.01,BR,-14400
144,ampanihy,-24.7,44.75,17.27,75,0,2.48,MG,10800
145,fale old settlement,-9.3852,-171.2468,28.3,75,100,3.78,TK,46800
146,vylkove,45.4021,29.586,19.53,79,12,5.54,UA,10800
147,bathsheba,13.2167,-59.5167,31.34,66,40,7.2,BB,-14400
148,baruun-urt,46.6806,113.2792,15.9,44,11,3.53,MN,28800
149,pauini,-7.7136,-66.9764,36.33,32,73,1.94,BR,-14400
150,la passe,45.5549,-0.8967,16.68,74,97,7.8,FR,7200
151,san clemente del tuyu,-36.3569,-56.7235,18.32,59,0,2.77,AR,-10800
152,taoudenni,22.6783,-3.9836,42.76,8,0,5.42,ML,0
153,punta arenas,-53.15,-70.9167,1.06,80,20,8.75,CL,-10800
154,caribou,46.8606,-68.012,17.69,46,40,6.69,US,-14400
155,minas de marcona,-15.2119,-75.1103,17.12,59,69,7.59,PE,-18000
156,dul'durga,50.6761,113.5931,13.81,60,100,2.71,RU,32400
157,grand falls-windsor,48.9332,-55.6649,20.28,65,100,2.24,CA,-9000
158,touros,-5.1989,-35.4608,26.09,84,24,5.89,BR,-10800
159,new norfolk,-42.7826,147.0587,8.2,83,100,1.87,AU,36000
160,guarapari,-20.6667,-40.4975,24.88,72,0,6.67,BR,-10800
161,bairnsdale,-37.8333,147.6167,7.81,93,100,0.45,AU,36000
162,tongchuanshi,35.0806,109.0897,26.22,45,100,1.1,CN,28800
163,bothaville,-27.3887,26.617,12.34,31,0,1.3,ZA,7200
164,camarinas,43.1311,-9.1817,16.63,89,99,6.81,ES,7200
165,pokhara,28.2333,83.9833,23.41,68,7,2.47,NP,20700
166,gadzhiyevo,69.2551,33.3362,13.28,73,100,4.19,RU,10800
167,klyuchi,52.2667,79.1667,20.67,80,100,1.11,RU,25200
168,codajas,-3.8367,-62.0569,29.11,72,100,0.43,BR,-14400
169,upper dir,35.2058,71.8756,20.92,50,80,3.68,PK,18000
170,kavieng,-2.5744,150.7967,27.43,80,100,3.53,PG,36000
171,nola,40.922,14.5329,22.4,66,100,1.18,IT,7200
172,arraial do cabo,-22.9661,-42.0278,27.92,61,0,5.66,BR,-10800
173,sinjai,-5.1241,120.253,23.16,86,89,2.26,ID,28800
174,vadso,70.0744,29.7487,12.09,82,20,4.63,NO,7200
175,tolanaro,-25.0319,46.9987,19.04,94,20,2.06,MG,10800
176,walvis bay,-22.9575,14.5053,25.53,16,0,3.6,NA,7200
177,falenki,58.3613,51.5946,15.17,94,0,2.68,RU,10800
178,papatowai,-46.5619,169.4708,8.87,97,100,1.02,NZ,43200
179,shalqar,47.8333,59.6,27.82,43,23,2.01,KZ,18000
180,alice springs,-23.7,133.8833,7.75,93,0,2.57,AU,34200
181,crane,31.3974,-102.3501,34.52,33,3,9.47,US,-18000
182,smidovich,48.6,133.8167,11.68,97,100,3.63,RU,36000
183,fort st. john,56.2499,-120.8529,5.94,93,100,6.69,CA,-25200
184,flying fish cove,-10.4217,105.6791,25.82,94,100,3.6,CX,25200
185,weyburn,49.6668,-103.8511,26.12,34,100,1.54,CA,-21600
186,qaqortoq,60.7167,-46.0333,4.78,83,31,3.05,GL,-3600
187,hun,29.1268,15.9477,34.25,22,0,5.13,LY,7200
188,arteche,12.2645,125.4048,27.05,86,25,2.61,PH,28800
189,tura,25.5198,90.2201,24.36,97,100,2.51,IN,19800
190,west island,-12.1568,96.8225,26.99,94,75,8.23,CC,23400
191,revda,56.801,59.9303,20.37,83,12,3.04,RU,18000
192,codrington,-38.2667,141.9667,9.88,75,48,4.52,AU,36000
193,kodiak,57.79,-152.4072,20.73,40,0,4.12,US,-28800
194,qalat,32.1058,66.9083,26.6,11,0,2.67,AF,16200
195,pisco,-13.7,-76.2167,19.03,82,20,4.63,PE,-18000
196,beltran,-27.8291,-64.061,19.62,36,96,4.26,AR,-10800
197,lanzhou,36.0564,103.7922,17.89,88,100,2.36,CN,28800
198,corinto,37.9407,22.9573,24.38,55,0,0.71,GR,10800
199,bungoma,0.5635,34.5606,17.22,87,60,0.84,KE,10800
200,kimbe,-5.5502,150.1429,23.77,89,78,2.43,PG,36000
201,huilong,31.8111,121.655,21.78,89,68,2.77,CN,28800
202,les cayes,18.2,-73.75,30.35,61,94,5.23,HT,-14400
203,saipan,15.1355,145.701,28.39,78,40,4.63,MP,36000
204,tete,-16.1564,33.5867,20.08,64,20,2.24,MZ,7200
205,tual,-5.6667,132.75,25.78,77,100,9.43,ID,32400
206,ribeira grande,38.5167,-28.7,22.22,73,20,6.71,PT,0
207,ngaoundere,7.3167,13.5833,19.33,93,98,0.1,CM,3600
208,saudarkrokur,65.7461,-19.6394,13.22,69,35,1.69,IS,0
209,naze,28.3667,129.4833,23.51,91,100,10.7,JP,32400
210,novi petrivtsi,50.6224,30.4451,18.86,77,50,2.37,UA,10800
211,san angelo,31.4638,-100.437,34.52,37,0,5.14,US,-18000
212,nemuro,43.3236,145.575,11.94,100,100,3.37,JP,32400
213,rosso,16.4986,-15.8153,29.8,50,31,6.08,SN,0
214,bargaal,11.2864,51.0773,28.36,69,1,2.67,SO,10800
215,coahuayana de hidalgo,18.7,-103.6583,33.18,52,46,3.55,MX,-21600
216,libreville,0.3925,9.4537,27.01,89,40,4.63,GA,3600
217,faya-largeau,17.9257,19.1043,35.83,12,0,1.78,TD,3600
218,vila velha,-20.3297,-40.2925,27.97,57,0,6.17,BR,-10800
219,arias,-33.6441,-62.4027,20.37,29,4,3.22,AR,-10800
220,black river,18.0264,-77.8487,32.15,60,100,10.16,JM,-18000
221,rio grande,-32.035,-52.0986,18.3,92,100,4.93,BR,-10800
222,port alfred,-33.5906,26.891,15.88,87,0,1.93,ZA,7200
223,invercargill,-46.4,168.35,7.79,98,100,1.29,NZ,43200
224,morondava,-20.2833,44.2833,23.13,75,0,4.92,MG,10800
225,sampit,-2.5333,112.95,23.34,99,99,1.24,ID,25200
226,gaya,24.7833,85.0,34.95,63,40,2.06,IN,19800
227,kerikeri,-35.2268,173.9474,9.58,93,41,0.76,NZ,43200
228,lagoa,39.05,-27.9833,19.7,80,50,5.83,PT,0
229,tamiahua,21.2667,-97.45,34.13,47,0,7.07,MX,-21600
230,loango,-4.6719,11.8312,23.81,94,20,2.06,CG,3600
231,khandyga,62.6667,135.6,13.47,63,10,2.42,RU,32400
232,labytnangi,66.6572,66.4183,7.99,62,100,4.62,RU,18000
233,necochea,-38.5473,-58.7368,15.79,51,0,4.29,AR,-10800
234,novaya igirma,57.1334,103.9112,12.7,50,100,0.88,RU,28800
235,wailua homesteads,22.0669,-159.378,25.55,73,0,8.75,US,-36000
236,long beach,33.767,-118.1892,23.39,71,0,3.6,US,-25200
237,biograd na moru,43.9433,15.4519,23.39,61,9,2.19,HR,7200
238,chipinge,-20.1883,32.6236,13.52,93,100,0.87,ZW,7200
239,uturoa,-16.7333,-151.4333,26.73,79,4,8.33,PF,-36000
240,liepaja,56.5419,21.0367,19.99,45,0,3.09,LV,10800
241,prince rupert,54.3161,-130.3201,12.39,86,75,3.09,CA,-25200
242,talcahuano,-36.7167,-73.1167,13.82,82,75,3.09,CL,-14400
243,isangel,-19.55,169.2667,23.06,94,40,0.0,VU,39600
244,taroa,8.7058,171.2275,28.29,78,100,6.84,MH,43200
245,sinegorskiy,48.0139,40.8447,20.78,92,100,5.19,RU,10800
246,el tigre,8.8875,-64.2454,29.88,55,100,4.57,VE,-14400
247,rongelap,11.1635,166.8941,27.97,74,31,7.76,MH,43200
248,badger,64.8,-147.5333,18.36,68,75,1.54,US,-28800
249,galesong,-5.3166,119.3661,23.01,78,71,2.04,ID,28800
250,attapeu,14.8,106.8333,24.05,99,85,0.72,LA,25200
251,cromwell,41.5951,-72.6454,25.32,39,0,5.66,US,-14400
252,tarawa,1.419,172.984,28.05,83,40,0.0,KI,43200
253,the dalles,45.5946,-121.1787,15.11,55,75,7.2,US,-25200
254,okhotsk,59.3833,143.3,7.58,85,100,1.92,RU,36000
255,portland,45.5234,-122.6762,13.86,74,75,5.14,US,-25200
256,dickinson,29.4608,-95.0513,33.45,62,40,5.66,US,-18000
257,sitka,57.0531,-135.33,12.94,67,75,2.57,US,-28800
258,westport,41.1415,-73.3579,24.93,37,0,6.69,US,-14400
259,newman,37.3138,-121.0208,24.99,10,0,3.63,US,-25200
260,naliya,23.2667,68.8333,30.61,69,0,5.81,IN,19800
261,vesele,47.0148,34.915,19.24,87,79,2.68,UA,10800
262,galliano,29.4422,-90.2992,33.21,49,40,2.57,US,-18000
263,puerto maldonado,-12.6,-69.1833,32.22,66,40,4.63,PE,-18000
264,hithadhoo,-0.6,73.0833,28.61,72,34,1.49,MV,18000
265,verkhnyaya salda,58.0456,60.5533,19.19,87,94,3.35,RU,18000
266,puerto baquerizo moreno,-0.9,-89.6,25.55,73,40,7.2,EC,-21600
267,utrik,11.2278,169.8474,27.86,79,54,6.01,MH,43200
268,la'ie,21.6477,-157.9253,26.03,72,0,2.68,US,-36000
269,barra de santo antonio,-9.4047,-35.5072,27.6,78,13,6.74,BR,-10800
270,malkara,40.89,26.9011,17.7,67,0,1.52,TR,10800
271,mont-laurier,46.5501,-75.4993,15.79,29,100,3.54,CA,-14400
272,magadan,59.5667,150.8,6.96,93,99,0.98,RU,39600
273,petropavlovsk-kamchatsky,53.0452,158.6483,8.03,90,75,4.47,RU,43200
274,livadiya,42.8692,132.6764,18.3,99,100,1.29,RU,36000
275,aberystwyth,52.4155,-4.0829,10.95,90,100,7.01,GB,3600
276,eregli,37.5133,34.0467,22.45,37,0,0.39,TR,10800
277,constitucion,-35.3333,-72.4167,14.04,77,8,1.38,CL,-14400
278,rumoi,43.9344,141.6428,16.09,96,100,3.0,JP,32400
279,pleasant hill,37.948,-122.0608,23.1,40,0,4.63,US,-25200
280,hiratacho,35.4333,132.8167,21.98,88,75,1.54,JP,32400
281,bahia honda,22.9036,-83.1592,27.55,82,100,2.46,CU,-14400
282,mata-utu,-13.2816,-176.1745,27.76,76,100,9.35,WF,43200
283,burang,30.25,81.1667,6.85,56,12,1.54,CN,28800
284,pampa del indio,-26.0647,-59.919,22.95,82,99,3.18,AR,-10800
285,milove,49.3787,40.1302,19.07,94,97,1.99,UA,10800
286,pierre,44.3683,-100.351,28.23,63,0,5.14,US,-18000
287,tionk essil,12.7856,-16.5217,32.03,71,78,6.54,SN,0
288,nova sintra,14.8667,-24.7167,22.76,82,2,8.02,CV,-3600
289,lata,40.1629,-8.3327,17.82,69,41,3.73,PT,3600
290,smara,26.7384,-11.6719,28.05,29,6,7.72,EH,3600
291,paracin,43.8608,21.4078,18.02,60,0,1.26,RS,7200
292,okahandja,-21.9833,16.9167,13.61,20,0,3.96,NA,7200
293,kodinsk,58.6881,99.1844,14.13,49,43,1.44,RU,25200
294,alexandria,31.2156,29.9553,26.3,76,0,4.97,EG,10800
295,remire-montjoly,4.9167,-52.2667,32.02,66,20,6.69,GF,-10800
296,abrud,46.2667,23.0667,12.79,92,0,1.49,RO,10800
297,kisangani,0.5167,25.2,23.73,84,84,0.92,CD,7200
298,chibougamau,49.9168,-74.3659,13.79,41,75,3.09,CA,-14400
299,namibe,-15.1961,12.1522,19.42,88,6,1.32,AO,3600
300,kone,-21.0595,164.8658,17.58,73,13,1.11,NC,39600
301,perushtitsa,42.05,24.55,20.6,49,0,2.69,BG,10800
302,khovd,48.0056,91.6419,18.97,45,100,2.76,MN,25200
303,kapuskasing,49.4169,-82.4331,19.0,37,75,6.17,CA,-14400
304,shingu,33.7333,135.9833,21.91,96,100,0.25,JP,32400
305,nelson bay,-32.7167,152.15,10.65,91,99,0.45,AU,36000
306,labrador city,52.9463,-66.9114,11.95,54,75,5.14,CA,-10800
307,goure,13.9835,10.2704,33.33,34,99,1.91,NE,3600
308,wenling,28.3669,121.36,22.72,96,100,0.69,CN,28800
309,narvik,68.4384,17.4272,15.25,76,17,3.16,NO,7200
310,gorgan,36.8387,54.4348,23.98,78,0,2.06,IR,12600
311,bee cave,30.3085,-97.945,33.3,51,75,3.58,US,-18000
312,salekhard,66.53,66.6019,8.0,62,100,5.36,RU,18000
313,mogocha,53.7333,119.7667,11.04,96,100,1.59,RU,32400
314,freetown,8.484,-13.2299,26.84,83,75,4.12,SL,0
315,palmer,42.1584,-72.3287,24.04,38,20,5.66,US,-14400
316,zhosaly,45.4878,64.0781,29.66,23,0,3.72,KZ,18000
317,sultanah,24.4926,39.5857,41.25,6,75,6.17,SA,10800
318,choyr,46.3611,108.3611,16.18,37,0,2.55,MN,28800
319,voznesensk,47.5649,31.3308,18.36,94,100,5.04,UA,10800
320,richards bay,-28.783,32.0377,17.73,74,0,2.09,ZA,7200
321,zouerate,22.7187,-12.4521,36.62,18,68,5.0,MR,0
322,atafu village,-8.5421,-172.5159,28.32,75,100,3.69,TK,46800
323,novaya balakhna,56.4906,43.5919,18.0,88,12,2.44,RU,10800
324,energetik,51.7445,58.7934,23.04,65,100,3.08,RU,18000
325,kavaratti,10.5669,72.642,28.83,78,100,5.38,IN,19800
326,purranque,-40.9167,-73.1667,10.16,74,21,1.57,CL,-14400
327,vilyuchinsk,52.9306,158.4028,8.85,88,100,0.1,RU,43200
328,envira,-7.3,-70.2167,29.5,69,81,1.19,BR,-18000
329,alaghsas,17.0187,8.0168,30.41,38,9,7.22,NE,3600
330,elko,41.0002,-115.5012,22.87,15,11,10.73,US,-25200
331,hargeysa,9.56,44.065,24.0,49,58,9.7,SO,10800
332,wasco,35.5941,-119.341,25.53,19,0,1.54,US,-25200
333,klamath falls,42.2249,-121.7817,11.59,51,0,4.12,US,-25200
334,rabo de peixe,37.8,-25.5833,17.77,99,20,5.14,PT,0
335,opuwo,-18.0607,13.84,16.73,20,0,3.42,NA,7200
336,lethbridge,49.7,-112.8186,16.0,59,100,2.06,CA,-21600
337,puerto santa,-8.9906,-78.6456,19.68,77,15,5.87,PE,-18000
338,akureyri,65.6835,-18.0878,11.96,71,40,7.2,IS,0
339,yanggu,36.1106,115.7753,27.86,41,75,4.8,CN,28800
340,oum hadjer,13.2954,19.6966,33.45,35,61,2.74,TD,3600
341,dunedin,-45.8742,170.5036,7.67,83,100,0.89,NZ,43200
342,santa elena de uairen,4.6167,-61.1333,21.46,79,100,2.88,VE,-14400
343,shengli,37.4564,118.4856,23.14,64,5,2.34,CN,28800
344,nadi,-17.8,177.4167,23.0,94,40,0.0,FJ,43200
345,baneh,35.9975,45.8853,19.84,31,0,2.6,IR,12600
346,sedalia,38.7045,-93.2283,29.89,54,0,6.17,US,-18000
347,sibolga,1.7427,98.7792,26.02,88,100,0.51,ID,25200
348,kiffa,16.6166,-11.4045,38.99,27,6,5.87,MR,0
349,nikolayevsk,50.0282,45.4595,22.81,66,100,4.52,RU,10800
350,shahrud,36.4182,54.9763,22.71,50,0,3.34,IR,12600
351,alesund,62.4723,6.1549,17.08,67,0,5.14,NO,7200
352,keflavik,64.0049,-22.5624,14.24,67,75,7.2,IS,0
353,buka,40.8108,69.1986,24.03,27,2,0.87,UZ,18000
354,adiake,5.2863,-3.304,24.79,89,99,2.36,CI,0
355,kharp,66.8014,65.8081,7.62,81,100,2.68,RU,18000
356,norton,-17.8833,30.7,10.04,65,0,2.54,ZW,7200
357,cockburn town,21.4612,-71.1419,27.75,79,100,3.59,TC,-14400
358,berezovyy,51.6667,135.7,10.76,97,100,1.61,RU,36000
359,bindura,-17.3019,31.3306,12.22,63,0,1.25,ZW,7200
360,aketi,2.7388,23.7833,22.56,97,100,2.03,CD,7200
361,kemijarvi,66.7131,27.4306,11.34,85,96,2.05,FI,10800
362,ebon,4.582,168.6964,28.38,76,100,4.87,MH,43200
363,lewistown,40.5992,-77.5714,25.56,100,0,2.72,US,-14400
364,severo-yeniseyskiy,60.3725,93.0408,14.76,68,100,1.34,RU,25200
365,baghdad,33.3406,44.4009,38.95,15,0,5.14,IQ,10800
366,orting,47.0979,-122.2043,13.39,76,75,4.12,US,-25200
367,puerto aysen,-45.4,-72.7,6.06,99,100,1.77,CL,-14400
368,vorgashor,67.5833,63.95,3.78,81,94,2.94,RU,10800
369,funadhoo,6.15,73.2667,28.26,78,100,5.79,MV,18000
370,eirunepe,-6.6603,-69.8736,29.22,68,100,0.56,BR,-18000
371,yigo village,13.5361,144.8886,27.29,85,40,6.17,GU,36000
372,belle fourche,44.6714,-103.8522,31.15,32,1,2.87,US,-21600
373,turpan,42.9333,89.1667,30.64,32,100,1.03,CN,28800
374,jayapura,-2.5333,140.7,24.66,96,89,2.32,ID,32400
375,sao gabriel da cachoeira,-0.1303,-67.0892,25.89,94,75,4.63,BR,-14400
376,aden,12.7794,45.0367,32.77,55,44,1.93,YE,10800
377,tindouf,27.6711,-8.1474,39.25,12,40,6.17,DZ,3600
378,port douglas,-16.4833,145.4667,19.32,72,2,1.76,AU,36000
379,terrace heights,46.6062,-120.4398,16.69,34,20,9.77,US,-25200
380,afaahiti,-17.75,-149.2833,25.93,82,34,8.42,PF,-36000
381,hasaki,35.7333,140.8333,21.22,97,100,6.08,JP,32400
382,merizo village,13.2658,144.6691,27.75,89,84,7.58,GU,36000
383,fort mcmurray,56.7268,-111.381,12.73,94,100,3.09,CA,-21600
384,hinton,53.4001,-117.5857,15.07,36,100,3.39,CA,-21600
385,puerto san jose,13.9256,-90.8244,25.17,97,100,5.51,GT,-21600
386,murzuq,25.9155,13.9184,35.58,12,0,5.2,LY,7200
387,berdigestyakh,62.0989,126.6992,11.59,95,100,1.5,RU,32400
388,shrewsbury,52.7101,-2.7521,12.07,78,75,4.12,GB,3600
389,winfield,37.2398,-96.9956,32.71,53,0,8.75,US,-18000
390,sardarapat,40.1321,44.0097,26.53,38,8,1.57,AM,14400
391,poli,-3.3333,36.8,14.52,62,41,1.54,TZ,10800
392,kristiansund,63.1115,7.732,20.56,47,14,1.54,NO,7200
393,peace river,56.2501,-117.286,10.17,93,100,6.69,CA,-21600
394,ntungamo,-0.8833,29.65,21.27,66,74,1.37,UG,10800
395,papao,-17.75,-149.55,26.82,81,24,9.5,PF,-36000
396,nuku'alofa,-21.1333,-175.2,23.19,100,75,1.03,TO,46800
397,partenit,44.578,34.3446,19.83,82,88,4.03,UA,10800
398,weno,7.4515,151.8468,26.97,83,75,2.06,FM,36000
399,dhidhdhoo,6.8833,73.1,28.42,77,99,5.57,MV,18000
400,mitsamiouli,-11.3847,43.2844,26.03,72,9,5.48,KM,10800
401,greymouth,-42.4667,171.2,5.94,92,100,4.45,NZ,43200
402,talnakh,69.4865,88.3972,5.67,93,100,2.57,RU,25200
403,kayangel,8.0823,134.7173,29.05,73,100,2.59,PW,32400
404,lowicz,52.1071,19.9453,20.85,66,99,4.45,PL,7200
405,broome,42.2506,-75.833,22.66,53,40,5.14,US,-14400
406,gombi,10.1614,12.7399,22.42,84,100,1.62,NG,3600
407,port shepstone,-30.7414,30.455,18.61,76,89,3.34,ZA,7200
408,belyy yar,53.6039,91.3903,15.94,77,0,2.0,RU,25200
409,thunder bay,48.4001,-89.3168,17.95,63,40,5.14,CA,-14400
410,mbale,1.0821,34.175,19.72,85,68,2.07,UG,10800
411,siverskiy,59.3544,30.0783,11.68,90,1,1.02,RU,10800
412,axim,4.8699,-2.2405,24.89,89,100,2.25,GH,0
413,happy valley-goose bay,53.3168,-60.3315,21.17,30,75,5.14,CA,-10800
414,pandan,14.0453,124.1694,27.37,84,98,2.96,PH,28800
415,karanpur,29.8419,73.4542,37.47,21,0,3.39,IN,19800
416,mirnyy,62.5353,113.9611,5.69,82,100,4.92,RU,32400
417,byerazino,53.8391,28.9879,14.78,94,98,2.91,BY,10800
418,tazacorte,28.629,-17.9293,23.42,71,40,7.2,ES,3600
419,twon-brass,4.3151,6.2418,25.6,88,100,5.79,NG,3600
420,masterton,-40.9597,175.6575,7.83,82,37,2.98,NZ,43200
421,tangalle,6.024,80.7911,27.09,86,100,5.27,LK,19800
422,cajamarca,-7.1638,-78.5003,23.04,40,75,2.57,PE,-18000
423,ponta delgada,37.7333,-25.6667,21.4,68,20,6.69,PT,0
424,akjoujt,19.6969,-14.4164,40.45,18,13,2.46,MR,0
425,pangody,65.85,74.4859,5.11,84,4,5.54,RU,18000
426,port victoria,0.0939,33.9756,21.94,74,49,1.26,KE,10800
427,amga,60.8953,131.9608,13.59,60,95,2.7,RU,32400
428,fada,9.5667,8.3,21.82,91,100,1.53,NG,3600
429,susuman,62.7833,148.1667,9.43,87,75,2.68,RU,39600
430,juneau,58.3019,-134.4197,12.48,89,40,4.12,US,-28800
431,meadow lake,34.8014,-106.5436,29.37,29,0,2.69,US,-21600
432,isiro,2.7739,27.616,20.22,98,100,0.36,CD,7200
433,malango,-2.9627,119.9001,19.36,99,100,0.64,ID,28800
434,kill devil hills,36.0307,-75.676,25.28,74,0,6.17,US,-14400
435,cabedelo,-6.9811,-34.8339,27.37,83,39,7.41,BR,-10800
436,nago,26.5881,127.9761,27.04,90,100,5.11,JP,32400
437,yuanping,38.7153,112.7575,18.66,46,98,0.41,CN,28800
438,sur,22.5667,59.5289,32.53,59,5,3.08,OM,14400
439,selfoss,63.9331,-20.9971,15.58,60,100,3.34,IS,0
440,mejit,10.2753,170.8646,28.2,78,100,5.6,MH,43200
441,dodola,6.9833,39.1833,12.33,71,13,2.33,ET,10800
442,punakha,27.5837,89.8598,21.31,96,100,0.54,BT,21600
443,birjand,32.8663,59.2211,26.26,25,40,5.14,IR,12600
444,kindu,-2.95,25.95,24.07,44,6,1.16,CD,7200
445,grand gaube,-20.0064,57.6608,24.49,84,100,0.89,MU,14400
446,saint-philippe,-21.3585,55.7679,21.77,91,97,3.29,RE,14400
447,jumla,29.2747,82.1838,12.64,56,0,2.69,NP,20700
448,concordia,-31.393,-58.0209,21.55,68,40,6.17,AR,-10800
449,daru,-9.0763,143.2092,24.42,76,100,4.25,PG,36000
450,gebre guracha,9.8,38.4,19.15,35,95,1.09,ET,10800
451,gwadar,25.1216,62.3254,28.21,86,26,4.71,PK,18000
452,loch garman,52.3342,-6.4575,13.27,100,98,5.81,IE,3600
453,lhuentse,27.6679,91.1839,20.41,99,100,0.09,BT,21600
454,luebo,-5.35,21.4167,22.77,43,5,0.78,CD,7200
455,brenham,30.1669,-96.3977,33.24,54,40,3.09,US,-18000
456,pariaman,-0.619,100.12,26.03,88,100,2.01,ID,25200
457,san pedro tlanixco,19.0614,-99.6556,21.2,26,0,2.49,MX,-21600
458,iranshahr,27.2025,60.6848,37.19,15,0,4.12,IR,12600
459,ulsteinvik,62.3432,5.8487,19.5,68,3,1.94,NO,7200
460,dwarka,22.2394,68.9678,30.26,74,97,6.74,IN,19800
461,george,-33.963,22.4617,10.75,76,40,1.03,ZA,7200
462,acajutla,13.5928,-89.8275,26.14,89,100,2.52,SV,-21600
463,kaluga,54.5,35.5,15.96,86,100,1.94,RU,10800
464,kosciusko,33.0576,-89.5876,33.79,35,0,1.75,US,-18000
465,nova vicosa,-17.8919,-39.3719,26.08,71,43,3.59,BR,-10800
466,ketchikan,55.3422,-131.6461,13.07,76,75,4.63,US,-28800
467,staraya kulatka,52.7167,47.6167,21.68,77,99,4.39,RU,14400
468,tofol,5.3248,163.0078,28.79,68,99,6.24,FM,39600
469,luanda,-8.8368,13.2343,24.0,78,0,3.6,AO,3600
470,yuzhno-kurilsk,44.0306,145.8556,11.88,89,100,2.2,RU,36000
471,carnarvon,-24.8667,113.6333,20.16,74,66,3.92,AU,28800
472,koryazhma,61.3143,47.1691,9.67,96,0,2.23,RU,10800
473,las palmas de gran canaria,28.0997,-15.4134,23.47,58,20,13.38,ES,3600
474,khorugh,37.4897,71.553,14.53,44,0,1.83,TJ,18000
475,praia da vitoria,38.7333,-27.0667,23.14,73,40,2.69,PT,0
476,laguna,38.421,-121.4238,25.42,33,0,4.12,US,-25200
477,trairi,-3.2778,-39.2689,27.45,78,100,4.17,BR,-10800
478,lockwood,45.8191,-108.4149,24.54,45,40,2.06,US,-21600
479,mthatha,-31.5889,28.7844,11.29,96,16,0.73,ZA,7200
480,leticia,-4.2153,-69.9406,32.03,70,75,3.09,CO,-18000
481,kenai,60.5544,-151.2583,20.02,45,0,4.12,US,-28800
482,tatarsk,55.219,75.9828,19.78,88,6,1.86,RU,25200
483,heroica caborca,30.7167,-112.15,39.14,9,0,2.87,MX,-25200
484,la sarre,48.8002,-79.1996,15.55,46,90,3.01,CA,-14400
485,kirensk,57.7853,108.1119,8.31,64,72,0.89,RU,28800
486,flexeiras,-9.1975,-35.7808,26.87,87,21,5.54,BR,-10800
487,benguela,-12.5763,13.4055,21.03,89,25,0.84,AO,3600
488,vershino-darasunskiy,52.35,115.5167,10.74,89,100,1.7,RU,32400
489,sal rei,16.1833,-22.9167,25.11,73,75,7.72,CV,-3600
490,turkmenbasy,40.0222,52.9552,25.43,50,0,2.06,TM,18000
491,neryungri,56.6709,124.6491,11.22,93,100,2.01,RU,32400
492,nazca,-14.8333,-74.95,25.97,30,4,2.8,PE,-18000
493,akune,32.0167,130.2,22.85,89,88,2.2,JP,32400
494,sao joao do paraiso,-15.3136,-42.0144,26.95,35,0,5.23,BR,-10800
495,kasongo-lunda,-6.4667,16.8167,22.0,35,21,1.45,CD,3600
496,fuxin,42.0156,121.6589,19.59,40,6,0.8,CN,28800
497,ugoofaaru,5.6667,73.0,28.16,79,100,5.66,MV,18000
498,chapaev,50.2,51.1667,24.11,59,0,7.23,KZ,18000
499,skelleftea,64.7507,20.9528,16.67,73,0,3.09,SE,7200
500,tamandare,-8.7597,-35.1047,25.34,83,16,6.68,BR,-10800
501,jalingo,8.8833,11.3667,23.99,89,100,2.63,NG,3600
502,paragominas,-2.9667,-47.4833,28.19,72,99,1.54,BR,-10800
503,matoury,4.8483,-52.3317,31.98,66,20,6.69,GF,-10800
504,ardakan,32.31,54.0175,28.49,31,1,1.92,IR,12600
505,turbat,26.0023,63.044,31.23,56,0,1.96,PK,18000
506,lubang,13.8584,120.124,28.69,75,100,3.32,PH,28800
507,chimoio,-19.1164,33.4833,17.75,88,75,2.41,MZ,7200
508,suva,-18.1416,178.4415,21.71,100,75,0.0,FJ,43200
509,sangueya,10.7,-14.3667,25.53,91,100,2.78,GN,0
510,san fernando,15.0286,120.6898,27.85,91,73,0.91,PH,28800
511,male,4.1748,73.5089,28.97,70,20,2.57,MV,18000
512,nushki,29.5542,66.0215,31.5,13,36,1.7,PK,18000
513,nanao,37.05,136.9667,22.32,83,89,2.13,JP,32400
514,sao felix do xingu,-6.6447,-51.995,34.09,34,98,2.84,BR,-10800
515,sweet home,44.3976,-122.7362,13.36,73,86,1.79,US,-25200
516,curaca,-8.9903,-39.9094,31.44,32,50,8.46,BR,-10800
517,dawei,14.0833,98.2,26.2,90,90,0.8,MM,23400
518,tromso,69.6496,18.957,10.01,87,20,7.72,NO,7200
519,nagqu,31.5,92.0,7.45,65,7,2.03,CN,28800
520,'alaqahdari dishu,30.4374,63.313,33.58,14,0,5.51,AF,16200
521,mahina,-17.5065,-149.489,26.87,74,0,2.06,PF,-36000
522,cole harbour,44.6724,-63.4751,13.96,94,100,4.63,CA,-10800
523,scottsboro,34.6723,-86.0341,33.78,46,20,1.54,US,-18000
524,joshimath,30.5667,79.5667,17.35,44,0,3.31,IN,19800
525,mohale's hoek,-30.1514,27.4769,9.05,41,3,0.86,LS,7200
526,kanggye,40.9695,126.5852,11.46,95,66,1.49,KP,32400
527,port saint john's,-31.6229,29.5448,19.47,84,95,2.29,ZA,7200
528,bayanaul,50.7889,75.6956,18.4,72,35,2.79,KZ,18000
529,salym,60.0625,71.4789,17.79,97,34,1.36,RU,18000
530,illizi,26.4833,8.4667,41.89,8,0,5.02,DZ,3600
531,elbistan,38.2059,37.1983,20.52,60,100,0.35,TR,10800
532,chul'man,56.8479,124.9104,11.27,88,100,2.68,RU,32400
533,ambovombe,-25.1667,46.0833,18.43,71,2,1.87,MG,10800
534,mahabad,36.7631,45.7222,20.59,39,0,0.7,IR,12600
535,mar del plata,-38.0023,-57.5575,18.26,47,0,3.58,AR,-10800
536,vila franca do campo,37.7167,-25.4333,18.27,99,23,2.42,PT,0
537,sacramento,38.4666,-121.3177,25.37,37,0,4.12,US,-25200
538,taro,-8.3862,115.28,21.59,96,0,0.91,ID,28800
539,shiqian,27.5225,108.2281,22.43,86,26,0.97,CN,28800
540,pointe michel,15.25,-61.3833,31.52,66,40,3.09,DM,-14400
541,san andres,12.5847,-81.7006,29.01,89,20,1.54,CO,-18000
542,annau,37.8876,58.516,26.72,36,75,3.09,TM,18000
543,zaozersk,69.4005,32.4476,14.26,66,100,3.57,RU,10800
544,tosontsengel,48.7567,98.2839,8.7,88,48,0.68,MN,25200
545,jinchang,38.4953,102.1739,21.55,52,100,2.77,CN,28800
546,klaksvik,62.2266,-6.589,13.51,89,100,9.01,FO,3600
547,igarka,67.4667,86.5833,9.45,73,99,3.13,RU,25200
548,vernon,50.2581,-119.2691,9.72,84,100,1.54,CA,-25200
549,kyshtovka,56.555,76.6271,21.3,89,45,2.24,RU,25200
550,podgorenskiy,50.405,39.6429,19.27,98,100,4.16,RU,10800
551,carora,10.1755,-70.0827,34.2,37,95,3.7,VE,-14400
552,torghay,49.6339,63.4981,26.19,48,29,2.12,KZ,18000
553,ormond-by-the-sea,29.3491,-81.0665,31.28,69,40,5.14,US,-14400
554,kanash,55.5086,47.4956,17.58,88,5,2.29,RU,10800
555,khanty-mansiysk,61.0042,69.0019,23.06,73,20,3.0,RU,18000
556,canandaigua,42.8742,-77.288,20.8,61,3,1.79,US,-14400
557,celestun,20.8667,-90.4,28.72,77,100,3.01,MX,-21600
558,tsengel,49.4783,100.8894,14.22,41,0,1.95,MN,28800
559,waingapu,-9.6567,120.2641,22.37,76,60,1.45,ID,28800
560,zacapoaxtla,19.8833,-97.5833,25.64,46,4,4.5,MX,-21600
561,itaituba,-4.2761,-55.9836,33.09,58,40,3.6,BR,-10800
562,noumea,-22.2763,166.4572,21.67,99,29,2.19,NC,39600
563,dyatlovo,53.4631,25.4068,13.79,81,5,1.44,BY,10800
564,kalaleh,37.3807,55.4916,23.78,78,40,0.0,IR,12600
565,el granada,37.5027,-122.4694,19.16,61,0,8.23,US,-25200
566,bac lieu,9.285,105.7244,28.17,80,100,4.47,VN,25200
567,kangding,30.0513,101.9603,15.6,98,100,0.77,CN,28800
568,vorkuta,67.5,64.0,3.95,81,100,3.58,RU,10800
569,sarandi grande,-33.7333,-56.3333,19.69,67,2,3.59,UY,-10800
570,woodlake,37.4211,-77.6793,29.76,43,20,3.09,US,-14400
571,kahriz,34.3838,47.0553,29.04,13,20,3.09,IR,12600
572,hoshcha,50.6003,26.6744,14.54,90,3,3.19,UA,10800
573,santa cruz,-17.8,-63.1667,24.03,94,100,7.2,BO,-14400
574,nizhneudinsk,54.9076,99.0276,15.24,70,58,0.94,RU,28800
575,cafayate,-26.073,-65.9761,17.59,57,11,5.2,AR,-10800
576,acarau,-2.8856,-40.12,28.49,75,31,5.67,BR,-10800
577,nouadhibou,20.931,-17.0347,21.99,68,0,9.26,MR,0
578,bubaque,11.2833,-15.8333,26.99,82,100,8.05,GW,0
579,chernyshevskiy,63.0128,112.4714,4.24,78,51,3.27,RU,32400
580,villars-sur-glane,46.7905,7.1172,16.38,59,75,3.09,CH,7200
581,san isidro,-12.1167,-77.05,17.77,72,100,3.09,PE,-18000
582,sorong,-0.8833,131.25,24.61,94,100,3.55,ID,32400
